{
  "version": 1,
  "author": "Abdullah Youssef",
  "editor": "wokwi",
  "parts": [
    {
      "type": "board-esp32-devkit-c-v4",
      "id": "esp",
      "top": 0,
      "left": 33.64,
      "attrs": { "env": "micropython-20231227-v1.22.0" }
    },
    {
      "type": "wokwi-resistor",
      "id": "r1",
      "top": 119.15,
      "left": -67.2,
      "attrs": { "value": "10000" }
    },
    {
      "type": "wokwi-pushbutton-6mm",
      "id": "btn1",
      "top": 45.8,
      "left": -67.2,
      "attrs": { "color": "green", "xray": "1" }
    },
    {
      "type": "wokwi-pushbutton-6mm",
      "id": "btn2",
      "top": 45.8,
      "left": -115.2,
      "attrs": { "color": "red", "xray": "1" }
    },
    {
      "type": "wokwi-led",
      "id": "led1",
      "top": -51.6,
      "left": 224.6,
      "attrs": { "color": "red" }
    },
    {
      "type": "wokwi-led",
      "id": "led2",
      "top": -51.6,
      "left": 253.4,
      "attrs": { "color": "red" }
    },
    {
      "type": "wokwi-led",
      "id": "led3",
      "top": -51.6,
      "left": 195.8,
      "attrs": { "color": "red" }
    },
    {
      "type": "wokwi-led",
      "id": "led4",
      "top": -51.6,
      "left": 349.4,
      "attrs": { "color": "red" }
    },
    {
      "type": "wokwi-led",
      "id": "led5",
      "top": -51.6,
      "left": 330.2,
      "attrs": { "color": "red" }
    },
    {
      "type": "wokwi-led",
      "id": "led6",
      "top": -51.6,
      "left": 272.6,
      "attrs": { "color": "red" }
    },
    {
      "type": "wokwi-led",
      "id": "led7",
      "top": -51.6,
      "left": 291.8,
      "attrs": { "color": "red" }
    },
    { "type": "wokwi-led", "id": "led8", "top": -51.6, "left": 311, "attrs": { "color": "red" } },
    {
      "type": "wokwi-resistor",
      "id": "r2",
      "top": 147.95,
      "left": -115.2,
      "attrs": { "value": "10000" }
    },
    {
      "type": "wokwi-resistor",
      "id": "r3",
      "top": 71.15,
      "left": 172.8,
      "attrs": { "value": "10000" }
    },
    {
      "type": "wokwi-resistor",
      "id": "r4",
      "top": 99.95,
      "left": 192,
      "attrs": { "value": "10000" }
    },
    {
      "type": "wokwi-resistor",
      "id": "r5",
      "top": 109.55,
      "left": 220.8,
      "attrs": { "value": "10000" }
    },
    {
      "type": "wokwi-resistor",
      "id": "r6",
      "top": 119.15,
      "left": 240,
      "attrs": { "value": "10000" }
    },
    {
      "type": "wokwi-resistor",
      "id": "r7",
      "top": 128.75,
      "left": 259.2,
      "attrs": { "value": "10000" }
    },
    {
      "type": "wokwi-resistor",
      "id": "r8",
      "top": 138.35,
      "left": 278.4,
      "attrs": { "value": "10000" }
    },
    {
      "type": "wokwi-resistor",
      "id": "r9",
      "top": 157.55,
      "left": 297.6,
      "attrs": { "value": "10000" }
    },
    {
      "type": "wokwi-resistor",
      "id": "r10",
      "top": 167.15,
      "left": 316.8,
      "attrs": { "value": "10000" }
    }
  ],
  "connections": [
    [ "esp:TX", "$serialMonitor:RX", "", [] ],
    [ "esp:RX", "$serialMonitor:TX", "", [] ],
    [ "esp:3V3", "btn1:1.r", "green", [ "h0" ] ],
    [ "esp:3V3", "btn2:1.r", "green", [ "h0" ] ],
    [ "esp:35", "btn2:2.r", "green", [ "h0" ] ],
    [ "esp:GND.2", "led3:C", "black", [ "v0", "h76.8" ] ],
    [ "esp:GND.2", "led1:C", "black", [ "v0", "h115.2" ] ],
    [ "esp:GND.2", "led2:C", "black", [ "v0", "h134.4" ] ],
    [ "esp:GND.2", "led6:C", "black", [ "v0", "h153.6" ] ],
    [ "esp:GND.2", "led7:C", "black", [ "v0", "h182.4" ] ],
    [ "esp:GND.2", "led8:C", "black", [ "v0", "h192" ] ],
    [ "esp:GND.2", "led5:C", "black", [ "v0", "h211.2" ] ],
    [ "esp:GND.2", "led4:C", "black", [ "v0", "h230.4" ] ],
    [ "esp:34", "btn1:2.r", "green", [ "h0" ] ],
    [ "esp:GND.1", "r1:2", "black", [ "h0" ] ],
    [ "r1:1", "btn1:2.l", "green", [ "v0" ] ],
    [ "r2:1", "btn2:2.l", "green", [ "v0" ] ],
    [ "esp:GND.1", "r2:2", "black", [ "h0" ] ],
    [ "esp:21", "r3:1", "green", [ "h0" ] ],
    [ "r3:2", "led3:A", "green", [ "v0" ] ],
    [ "esp:18", "r4:1", "green", [ "h0" ] ],
    [ "r4:2", "led1:A", "green", [ "v0" ] ],
    [ "r5:1", "esp:5", "green", [ "v0" ] ],
    [ "r5:2", "led2:A", "green", [ "v0" ] ],
    [ "esp:17", "r6:1", "green", [ "h0" ] ],
    [ "r6:2", "led6:A", "green", [ "v0" ] ],
    [ "r7:1", "esp:16", "green", [ "v0" ] ],
    [ "r7:2", "led7:A", "green", [ "v0" ] ],
    [ "r8:1", "esp:4", "green", [ "v0" ] ],
    [ "r8:2", "led8:A", "green", [ "v0" ] ],
    [ "r9:1", "esp:13", "green", [ "v0" ] ],
    [ "r9:2", "led5:A", "green", [ "v0" ] ],
    [ "esp:2", "r10:1", "green", [ "v9.6", "h182.4" ] ],
    [ "r10:2", "led4:A", "green", [ "v0" ] ]
  ],
  "dependencies": {}
}